subtask,process_type,status,reason,agents_involved,execution_success,phase
Feature Engineering,iterative_4_step,pass,"Status: PASS

Reason:  
The iterative process for the Feature Engineering task was executed thoroughly and effectively across all four steps. The Planner (DrAliceSmith) provided clear, strategic, and comprehensive instructions that emphasized key objectives such as handling missing data, outliers, feature redundancy, and ensuring reproducibility. The Initial Developer (MrBobJohnson) implemented the first critical components—missing data imputation and outlier detection/flagging—faithfully following the Planner’s guidance.

The Auditor (MsCarolLee) provided constructive and detailed feedback, confirming that the initial implementation met the requirements and adhered to best practices. Importantly, the feedback highlighted areas for improvement, such as modularization and robustness, which the Final Developer (MrBobJohnson) addressed by refactoring the code into reusable functions, adding input validation, and safeguarding against redundant operations.

The final implementation reflects meaningful quality improvements: it is modular, robust, and maintains transparency and reproducibility as originally intended. The code executed successfully without errors, indicating technical correctness and readiness for downstream modeling.

Overall, the agents demonstrated strong coordination by building upon each other’s contributions, and the iterative feedback loop led to a higher-quality, maintainable, and well-documented solution. This process exemplifies effective collaboration and continuous improvement in a machine learning feature engineering context.","['DrAliceSmith', 'MrBobJohnson', 'MsCarolLee', 'MrBobJohnson']",True,Feature Engineering
